id,link
0,https://tracker.gg/valorant/profile/riot/gyro%23YNXO/overview
1,https://tracker.gg/valorant/profile/riot/Tutito%23UwU/overview
2,https://tracker.gg/valorant/profile/riot/vbossi32%23vale/overview
3,https://tracker.gg/valorant/profile/riot/Zenin%20AlarVous%232413/overview
4,https://tracker.gg/valorant/profile/riot/ANM%20Bone%23mvu/overview
5,https://tracker.gg/valorant/profile/riot/Pacvis%23cls/overview
6,https://tracker.gg/valorant/profile/riot/Yandel%23666/overview
7,https://tracker.gg/valorant/profile/riot/ONI%20Sigmaroy%23666/overview
8,https://tracker.gg/valorant/profile/riot/PsychoDxni%237399/overview
9,https://tracker.gg/valorant/profile/riot/Busco%20egirl%23swift/overview
10,https://tracker.gg/valorant/profile/riot/Deriko%23QTP/overview
11,https://tracker.gg/valorant/profile/riot/Yisus0525%237957/overview
12,https://tracker.gg/valorant/profile/riot/JACCIS%23593/overview
13,https://tracker.gg/valorant/profile/riot/JACCIS%23ECU/overview
14,https://tracker.gg/valorant/profile/riot/Kenny%20la%20panda%23kenny/overview
15,https://tracker.gg/valorant/profile/riot/BS%20Nightmare%234525/overview
16,https://tracker.gg/valorant/profile/riot/zLethal%23Once/overview
17,https://tracker.gg/valorant/profile/riot/Aguita%20de%20Coco%23TENzZ/overview
18,https://tracker.gg/valorant/profile/riot/Xpromaster%230914/overview
19,https://tracker.gg/valorant/profile/riot/Mechaz%23FaZe/overview
20,https://tracker.gg/valorant/profile/riot/Lizzard97%23LAN/overview
21,https://tracker.gg/valorant/profile/riot/care%23ooo/overview
22,https://tracker.gg/valorant/profile/riot/CDC%20JuuzouJoseph%23Okami/overview
23,https://tracker.gg/valorant/profile/riot/CDCGatoEstirado%23NR23/overview
24,https://tracker.gg/valorant/profile/riot/NR23%20Mithyc%23Ghost/overview
25,https://tracker.gg/valorant/profile/riot/CDC%20Liowil%C3%B8%23wenas/overview
26,https://tracker.gg/valorant/profile/riot/KTANA%20Juns33%23noCAP/overview
27,https://tracker.gg/valorant/profile/riot/alex%20%CB%87%23idc/overview
28,https://tracker.gg/valorant/profile/riot/slider%232152/overview
29,https://tracker.gg/valorant/profile/riot/XersBreak%23noCAP/overview
30,https://tracker.gg/valorant/profile/riot/RDY%20%C3%91efry%20%E3%83%85%230802/overview
31,https://tracker.gg/valorant/profile/riot/Kramz%2315y/overview
32,https://tracker.gg/valorant/profile/riot/DarthRomero%23kyo/overview
33,https://tracker.gg/valorant/profile/riot/TurcaLu%23Team/overview
34,https://tracker.gg/valorant/profile/riot/johnWick023%233479/overview
35,https://tracker.gg/valorant/profile/riot/marcoChG%23502GT/overview
36,https://tracker.gg/valorant/profile/riot/Shiro%23mos/overview
37,https://tracker.gg/valorant/profile/riot/CreativeDev%23SCORP/overview
38,https://tracker.gg/valorant/profile/riot/Haidenns%232909/overview
39,https://tracker.gg/valorant/profile/riot/SUPERLG%2320024/overview
40,https://tracker.gg/valorant/profile/riot/Emmaalfarito%232818/overview
41,https://tracker.gg/valorant/profile/riot/Nathe%238306/overview
42,https://tracker.gg/valorant/profile/riot/mentaconchispas%23choco/overview
43,https://tracker.gg/valorant/profile/riot/AKIRA55%23LAS/overview
44,https://tracker.gg/valorant/profile/riot/Capitan%20Milanga%23LAS/overview
45,https://tracker.gg/valorant/profile/riot/PepinilloRick00%231129/overview
46,https://tracker.gg/valorant/profile/riot/Breaking%23WIN/overview
47,https://tracker.gg/valorant/profile/riot/Andygod189%239239/overview
48,https://tracker.gg/valorant/profile/riot/loky32%23LAN/overview
49,https://tracker.gg/valorant/profile/riot/xBlueBlacK%23Vamos/overview
50,https://tracker.gg/valorant/profile/riot/HunterLover%238661/overview
51,https://tracker.gg/valorant/profile/riot/PERTURBADOR%239744/overview
52,https://tracker.gg/valorant/profile/riot/Nhl23%23LAS/overview
53,https://tracker.gg/valorant/profile/riot/NoMatoPeroAyudo%23smurf/overview
54,https://tracker.gg/valorant/profile/riot/panxd1401%232109/overview
55,https://tracker.gg/valorant/profile/riot/nuse%231509/overview
56,https://tracker.gg/valorant/profile/riot/%E5%B0%8B%E6%89%BE%E4%BA%8C%E4%BA%BA%E7%B5%84%232185/overview
57,https://tracker.gg/valorant/profile/riot/FIFTING%232201/overview
58,https://tracker.gg/valorant/profile/riot/ZEN%20tones%232101/overview
59,https://tracker.gg/valorant/profile/riot/JOSXO%232890/overview
60,https://tracker.gg/valorant/profile/riot/culosinano%232004/overview
61,https://tracker.gg/valorant/profile/riot/Yukiteru%20Jaeger%23LAN/overview
62,https://tracker.gg/valorant/profile/riot/RICKBILLIE%23LAS/overview
63,https://tracker.gg/valorant/profile/riot/kehudemo%238836/overview
64,https://tracker.gg/valorant/profile/riot/Jun%234237/overview
65,https://tracker.gg/valorant/profile/riot/Vizadnio%23LAS/overview
66,https://tracker.gg/valorant/profile/riot/Takemichi%239019/overview
67,https://tracker.gg/valorant/profile/riot/SantiGG%23SGG/overview
68,https://tracker.gg/valorant/profile/riot/LatuCerru23%232323/overview
69,https://tracker.gg/valorant/profile/riot/JOSISA%238460/overview
70,https://tracker.gg/valorant/profile/riot/virtual%20assassin%231854/overview
71,https://tracker.gg/valorant/profile/riot/Andriuwkun%237376/overview
72,https://tracker.gg/valorant/profile/riot/doja%20by%20nicole%23LAN/overview
73,https://tracker.gg/valorant/profile/riot/Frank%2023%239980/overview
74,https://tracker.gg/valorant/profile/riot/WANTAN%20FRITO%23depre/overview
75,https://tracker.gg/valorant/profile/riot/Renzo%E3%82%B9%E8%89%BE%E4%B9%88%232003/overview
76,https://tracker.gg/valorant/profile/riot/charlyARG1%23LAS/overview
77,https://tracker.gg/valorant/profile/riot/killerp420%231116/overview
78,https://tracker.gg/valorant/profile/riot/Julius%20%E3%83%84%232003/overview
79,https://tracker.gg/valorant/profile/riot/raulsem7%23LATAM/overview
80,https://tracker.gg/valorant/profile/riot/Portgas%20D%20Ace%23waaaa/overview
81,https://tracker.gg/valorant/profile/riot/gersxn%23LAS/overview
82,https://tracker.gg/valorant/profile/riot/Trerick28%238300/overview
83,https://tracker.gg/valorant/profile/riot/ElChamoGonzalez2%23LAS/overview
84,https://tracker.gg/valorant/profile/riot/ATARAXIADR%230321/overview
85,https://tracker.gg/valorant/profile/riot/Gowther%23Danny/overview
86,https://tracker.gg/valorant/profile/riot/Nuclear%20Star%2350001/overview
87,https://tracker.gg/valorant/profile/riot/Saimon2212%2312345/overview
88,https://tracker.gg/valorant/profile/riot/TpZ%20JarK%C3%B6r%23LAN/overview
89,https://tracker.gg/valorant/profile/riot/cmaquera%23elche/overview
90,https://tracker.gg/valorant/profile/riot/Simp%20de%20AMLO%230708/overview
91,https://tracker.gg/valorant/profile/riot/JSCNEv%232222/overview
92,https://tracker.gg/valorant/profile/riot/AN%20Spiderman%235884/overview
93,https://tracker.gg/valorant/profile/riot/jxaime21%238084/overview
94,https://tracker.gg/valorant/profile/riot/Chaesoot20%23LAS/overview
95,https://tracker.gg/valorant/profile/riot/%E8%89%BE%20Umeko%E8%89%BE%23samir/overview
96,https://tracker.gg/valorant/profile/riot/VAYAAMAMAR%231989/overview
97,https://tracker.gg/valorant/profile/riot/Falling%231111/overview
98,https://tracker.gg/valorant/profile/riot/2zombie5%231357/overview
99,https://tracker.gg/valorant/profile/riot/NataMontaNNa%23CTCT/overview
100,https://tracker.gg/valorant/profile/riot/MagoEP%23Rein/overview
101,https://tracker.gg/valorant/profile/riot/Trailgemo%23dawg/overview
102,https://tracker.gg/valorant/profile/riot/ITTA%20PrimeZoZo%23ITTA/overview
103,https://tracker.gg/valorant/profile/riot/ElMartinFranco12%2312055/overview
104,https://tracker.gg/valorant/profile/riot/MicaStrawberry%23loveu/overview
105,https://tracker.gg/valorant/profile/riot/Dripex%23LAN/overview
106,https://tracker.gg/valorant/profile/riot/InLife%23LAS/overview
107,https://tracker.gg/valorant/profile/riot/AraChxchc%20II%23EUW25/overview
108,https://tracker.gg/valorant/profile/riot/Bau%235015/overview
109,https://tracker.gg/valorant/profile/riot/DarkSoul2573%23LAN/overview
110,https://tracker.gg/valorant/profile/riot/Bimakari%231402/overview
111,https://tracker.gg/valorant/profile/riot/CamiloCOL%23393/overview
112,https://tracker.gg/valorant/profile/riot/Emmanuel%20C%232300/overview
113,https://tracker.gg/valorant/profile/riot/NS%20Zesshi%23zzz/overview
114,https://tracker.gg/valorant/profile/riot/Yael8A%239348/overview
115,https://tracker.gg/valorant/profile/riot/chrispy%235994/overview
116,https://tracker.gg/valorant/profile/riot/Arcadios%23Arca/overview
117,https://tracker.gg/valorant/profile/riot/aguadehorchata%E5%BF%83%23nen/overview
118,https://tracker.gg/valorant/profile/riot/tekka%239283/overview
119,https://tracker.gg/valorant/profile/riot/Dracule%20Miihawk%23ONE/overview
120,https://tracker.gg/valorant/profile/riot/Exilium%20Sword%20%23LAN/overview
121,https://tracker.gg/valorant/profile/riot/Gio93v%231748/overview
122,https://tracker.gg/valorant/profile/riot/LadyLuck%23LAS/overview
123,https://tracker.gg/valorant/profile/riot/Do%20Not%20Blink%23LAN/overview
124,https://tracker.gg/valorant/profile/riot/Fave%20ch1lyk1ng%239506/overview
125,https://tracker.gg/valorant/profile/riot/thekiller43638%23LAS/overview
126,https://tracker.gg/valorant/profile/riot/TomoeChiquito%23LAN/overview
127,https://tracker.gg/valorant/profile/riot/S%C3%A1rk%C3%A1ny%232912/overview
128,https://tracker.gg/valorant/profile/riot/Sam17%230000/overview
129,https://tracker.gg/valorant/profile/riot/Josememo03%236797/overview
130,https://tracker.gg/valorant/profile/riot/Muerdeaqui777%23LAN/overview
131,https://tracker.gg/valorant/profile/riot/piterrr%233038/overview
132,https://tracker.gg/valorant/profile/riot/Fave%20Latopa03%230301/overview
133,https://tracker.gg/valorant/profile/riot/KAZZZ%233544/overview
134,https://tracker.gg/valorant/profile/riot/pan%20dulce%237w7/overview
135,https://tracker.gg/valorant/profile/riot/joshua%235084/overview
136,https://tracker.gg/valorant/profile/riot/Floppa%235495/overview
137,https://tracker.gg/valorant/profile/riot/InZac%234724/overview
138,https://tracker.gg/valorant/profile/riot/SKIBIDITOILET%232411/overview
139,https://tracker.gg/valorant/profile/riot/Criswatter11%23LAN/overview
140,https://tracker.gg/valorant/profile/riot/Kaimi%23DOGGY/overview
141,https://tracker.gg/valorant/profile/riot/KAGO%20SHEN%20TAO%236969/overview
142,https://tracker.gg/valorant/profile/riot/shiomer%231001/overview
143,https://tracker.gg/valorant/profile/riot/Nachoeas%235070/overview
144,https://tracker.gg/valorant/profile/riot/%E5%88%B0dragao%23jajaj/overview
145,https://tracker.gg/valorant/profile/riot/T%C3%A4claelel%23LAN/overview
146,https://tracker.gg/valorant/profile/riot/Daito%23UDI/overview
147,https://tracker.gg/valorant/profile/riot/R%20Alv%237786/overview
148,https://tracker.gg/valorant/profile/riot/Juanito%202%235252/overview
149,https://tracker.gg/valorant/profile/riot/TH%20Dylancitoow%23thm/overview
150,https://tracker.gg/valorant/profile/riot/Gottisxito%23666/overview
151,https://tracker.gg/valorant/profile/riot/%C6%92roz%23420/overview
152,https://tracker.gg/valorant/profile/riot/OWENx%23FGC/overview
153,https://tracker.gg/valorant/profile/riot/Matyu%239155/overview
154,https://tracker.gg/valorant/profile/riot/Krashna%23001/overview
155,https://tracker.gg/valorant/profile/riot/JSalinasTTV%23FIA/overview
156,https://tracker.gg/valorant/profile/riot/Meliodas%20%E4%B9%82%23Sir/overview
157,https://tracker.gg/valorant/profile/riot/Zefis%23top/overview
158,https://tracker.gg/valorant/profile/riot/nachitaowo%23895/overview
159,https://tracker.gg/valorant/profile/riot/blair123%23blair/overview
160,https://tracker.gg/valorant/profile/riot/RonxX%2319091/overview
161,https://tracker.gg/valorant/profile/riot/J0RCE99%232747/overview
162,https://tracker.gg/valorant/profile/riot/T%C3%B3xica%20Coquette%23Amor/overview
163,https://tracker.gg/valorant/profile/riot/TwitchPran18%23593/overview
164,https://tracker.gg/valorant/profile/riot/Alexneisi%238595/overview
165,https://tracker.gg/valorant/profile/riot/Pichi%20Senxazion%23NUEVE/overview
166,https://tracker.gg/valorant/profile/riot/miprragabriel%23LAN/overview
167,https://tracker.gg/valorant/profile/riot/SherryXVill%23VILL/overview
168,https://tracker.gg/valorant/profile/riot/Camila%23MAD/overview
169,https://tracker.gg/valorant/profile/riot/Cactus%239536/overview
170,https://tracker.gg/valorant/profile/riot/San%20T%20Goo%20%E4%BC%8A%23Chill/overview
171,https://tracker.gg/valorant/profile/riot/Her%20Dog%232023/overview
172,https://tracker.gg/valorant/profile/riot/Zefis%23top/overview
173,https://tracker.gg/valorant/profile/riot/Camila%23MAD/overview
174,https://tracker.gg/valorant/profile/riot/Cactus%239536/overview
175,https://tracker.gg/valorant/profile/riot/San%20T%20Goo%20%E4%BC%8A%23Chill/overview
176,https://tracker.gg/valorant/profile/riot/Juanpy112%236882/overview
177,https://tracker.gg/valorant/profile/riot/Her%20Dog%232023/overview
178,https://tracker.gg/valorant/profile/riot/12sebas37%E3%83%84%230012/overview
179,https://tracker.gg/valorant/profile/riot/VLC%20Darkpiers20%23PNN/overview
180,https://tracker.gg/valorant/profile/riot/NOTSARANGBI%23MRNO/overview
181,https://tracker.gg/valorant/profile/riot/P%CE%9B%D0%AFK%CE%9B%CE%9B%23420/overview
182,https://tracker.gg/valorant/profile/riot/Aleja06%23LAN/overview
183,https://tracker.gg/valorant/profile/riot/JorgitoDiarra%239492/overview
184,https://tracker.gg/valorant/profile/riot/KurohaXR%23LAS/overview
185,https://tracker.gg/valorant/profile/riot/Kyo%23BEAST/overview
186,https://tracker.gg/valorant/profile/riot/OneOnlyTap%230651/overview
187,https://tracker.gg/valorant/profile/riot/s1kaa%236565/overview
188,https://tracker.gg/valorant/profile/riot/CheruOtakuZ%23UGD/overview
189,https://tracker.gg/valorant/profile/riot/TheZecram%23NOT/overview
190,https://tracker.gg/valorant/profile/riot/Chamoycito%23uwu/overview
191,https://tracker.gg/valorant/profile/riot/Bubx%23uwu/overview
192,https://tracker.gg/valorant/profile/riot/Arathsillo%23ttv/overview
193,https://tracker.gg/valorant/profile/riot/LEMX%20%20Trust%20Me%235258/overview
194,https://tracker.gg/valorant/profile/riot/AjEmiya%238008/overview
195,https://tracker.gg/valorant/profile/riot/Lysck%231628/overview
196,https://tracker.gg/valorant/profile/riot/dsilun%231493/overview
197,https://tracker.gg/valorant/profile/riot/MONKEY%20%E6%B0%B8%23Col/overview
198,https://tracker.gg/valorant/profile/riot/Gotadewhisky%232007/overview
199,https://tracker.gg/valorant/profile/riot/A%20L%20I%23effor/overview
200,https://tracker.gg/valorant/profile/riot/1ZxSamuelxZ1%23CHL/overview
201,https://tracker.gg/valorant/profile/riot/AdanELXD%236260/overview
202,https://tracker.gg/valorant/profile/riot/PD%20Ozzy%EC%B9%A0%23ozzy7/overview
203,https://tracker.gg/valorant/profile/riot/ABs%20SiriDeMoN%20%E3%83%84%230606/overview
204,https://tracker.gg/valorant/profile/riot/Syndicate%2369420/overview
205,https://tracker.gg/valorant/profile/riot/BryJoss%23Zzz/overview
206,https://tracker.gg/valorant/profile/riot/Hashiramita%20%20ig%23Senju/overview
207,https://tracker.gg/valorant/profile/riot/krauser%239712/overview
208,https://tracker.gg/valorant/profile/riot/Fan%20de%20Kitty%23Michi/overview
209,https://tracker.gg/valorant/profile/riot/TengoAlzehimer%232434/overview
210,https://tracker.gg/valorant/profile/riot/XYZ%23B0707/overview
211,https://tracker.gg/valorant/profile/riot/lila%23Lmg/overview
212,https://tracker.gg/valorant/profile/riot/Juni%C3%B8r%230109/overview
213,https://tracker.gg/valorant/profile/riot/Joseth%20IV%23ECU/overview
214,https://tracker.gg/valorant/profile/riot/zai%238601/overview
215,https://tracker.gg/valorant/profile/riot/TP%20Danilonga%236969/overview
216,https://tracker.gg/valorant/profile/riot/ING%20ChatoCroz%23GORDO/overview
217,https://tracker.gg/valorant/profile/riot/RTS%20KoKi%23BSC/overview
218,https://tracker.gg/valorant/profile/riot/HALFbazor%23storm/overview
219,https://tracker.gg/valorant/profile/riot/lamerajas%234035/overview
220,https://tracker.gg/valorant/profile/riot/pgodtz%233966/overview
221,https://tracker.gg/valorant/profile/riot/Drojan%232022/overview
222,https://tracker.gg/valorant/profile/riot/TOP%20Milt%C3%B8N%23JLD/overview
223,https://tracker.gg/valorant/profile/riot/Papi%20Angel%20%E4%BB%A5%23000/overview
224,https://tracker.gg/valorant/profile/riot/nova%20I%20sad%236332/overview
225,https://tracker.gg/valorant/profile/riot/Kira%E3%83%A1%23Kira/overview
226,https://tracker.gg/valorant/profile/riot/astaroth%238006/overview
227,https://tracker.gg/valorant/profile/riot/HarborHaceMewing%23otp/overview
228,https://tracker.gg/valorant/profile/riot/ReealMonnkeyy%23GOAT/overview
229,https://tracker.gg/valorant/profile/riot/Tomatoilet%23t0m4t/overview
230,https://tracker.gg/valorant/profile/riot/30fps%230030/overview
231,https://tracker.gg/valorant/profile/riot/Cervon%23PDHM/overview
232,https://tracker.gg/valorant/profile/riot/R4ndy%23PERU/overview
233,https://tracker.gg/valorant/profile/riot/Muuz%238888/overview
234,https://tracker.gg/valorant/profile/riot/Jiddu%23LFKK/overview
235,https://tracker.gg/valorant/profile/riot/Fernandosk8%238511/overview
236,https://tracker.gg/valorant/profile/riot/ENDIAMANTAOOOO%23Val/overview
237,https://tracker.gg/valorant/profile/riot/HarryPosttre%230069/overview
238,https://tracker.gg/valorant/profile/riot/hann%23owo/overview
239,https://tracker.gg/valorant/profile/riot/Ni%C3%B1o%20Chiapaneco%232011/overview
240,https://tracker.gg/valorant/profile/riot/OsoIvan%23OSO/overview
241,https://tracker.gg/valorant/profile/riot/CG%20Kuffozyro%23002/overview
242,https://tracker.gg/valorant/profile/riot/k3yz0ff%23demon/overview
243,https://tracker.gg/valorant/profile/riot/Paapi%235728/overview
244,https://tracker.gg/valorant/profile/riot/Frakss%23mela/overview
245,https://tracker.gg/valorant/profile/riot/a%20promessa%232399/overview
246,https://tracker.gg/valorant/profile/riot/Rorouc%23roro/overview
247,https://tracker.gg/valorant/profile/riot/Flowink%233170/overview
248,https://tracker.gg/valorant/profile/riot/k%CB%87%CB%87%23666/overview
249,https://tracker.gg/valorant/profile/riot/PocketSage%234392/overview
250,https://tracker.gg/valorant/profile/riot/ThePreaknes09%236100/overview
251,https://tracker.gg/valorant/profile/riot/Kaiser%E7%BB%B4%23zzz/overview
252,https://tracker.gg/valorant/profile/riot/Sa1d%20Shinjiro%23ola/overview
253,https://tracker.gg/valorant/profile/riot/TOUCHEE%23guate/overview
254,https://tracker.gg/valorant/profile/riot/vSape%23MAGIA/overview
255,https://tracker.gg/valorant/profile/riot/Alekum%23182/overview
256,https://tracker.gg/valorant/profile/riot/Tru%230306/overview
257,https://tracker.gg/valorant/profile/riot/%E5%82%91%E5%80%AB%E5%B0%BC20%23DOMI/overview
258,https://tracker.gg/valorant/profile/riot/666%23egopk/overview
259,https://tracker.gg/valorant/profile/riot/oeefabri%23KEKW/overview
260,https://tracker.gg/valorant/profile/riot/Nitrouszinho%23CHL/overview
261,https://tracker.gg/valorant/profile/riot/SoyInuti%23KAST/overview
262,https://tracker.gg/valorant/profile/riot/MacOs%23COL/overview
263,https://tracker.gg/valorant/profile/riot/Kyog%23BYE/overview
264,https://tracker.gg/valorant/profile/riot/DEMONIEEL%23999/overview
265,https://tracker.gg/valorant/profile/riot/Minozk%230001/overview
266,https://tracker.gg/valorant/profile/riot/Yosh100%23123/overview
267,https://tracker.gg/valorant/profile/riot/Pochoclito%20%E3%82%B7%23Pingu/overview
268,https://tracker.gg/valorant/profile/riot/shadowsita%23SXS/overview
269,https://tracker.gg/valorant/profile/riot/esgriston%238335/overview
270,https://tracker.gg/valorant/profile/riot/Batman%23aim/overview
271,https://tracker.gg/valorant/profile/riot/Nekoxssj%23snk/overview
272,https://tracker.gg/valorant/profile/riot/Acegod%235A4M5/overview
273,https://tracker.gg/valorant/profile/riot/NoSoySmurf%232024/overview
274,https://tracker.gg/valorant/profile/riot/FakeSense%23wh0/overview
275,https://tracker.gg/valorant/profile/riot/002%23huh/overview
276,https://tracker.gg/valorant/profile/riot/RonyxZ%233582/overview
277,https://tracker.gg/valorant/profile/riot/pio%23111/overview
278,https://tracker.gg/valorant/profile/riot/KadrieN%23naj/overview
279,https://tracker.gg/valorant/profile/riot/Wonejo%230000/overview
280,https://tracker.gg/valorant/profile/riot/%C3%81vila%20%E7%81%AB%23%C3%81VILA/overview
281,https://tracker.gg/valorant/profile/riot/Dior%20chettos%23giss/overview
282,https://tracker.gg/valorant/profile/riot/mattz%2369z/overview
283,https://tracker.gg/valorant/profile/riot/Sattisfaction%23TOP1/overview
284,https://tracker.gg/valorant/profile/riot/RuyunnS%23Shun/overview
285,https://tracker.gg/valorant/profile/riot/YuLe%23aj65/overview
286,https://tracker.gg/valorant/profile/riot/OTW%20Demon%23OTW/overview
287,https://tracker.gg/valorant/profile/riot/REFORMEDNixsinho%23uma/overview
288,https://tracker.gg/valorant/profile/riot/Ahni%238365/overview
289,https://tracker.gg/valorant/profile/riot/Yuuki%23papu/overview
290,https://tracker.gg/valorant/profile/riot/rojas%20qepd%20akira%23dbz/overview
291,https://tracker.gg/valorant/profile/riot/Asht%23ISS/overview
292,https://tracker.gg/valorant/profile/riot/Sicard%23EASY/overview
293,https://tracker.gg/valorant/profile/riot/ChocoMilkEnjoyer%23Sulek/overview
294,https://tracker.gg/valorant/profile/riot/Yukihira%231005/overview
295,https://tracker.gg/valorant/profile/riot/shadowsito%23SXS/overview
296,https://tracker.gg/valorant/profile/riot/Soloo%234117/overview
297,https://tracker.gg/valorant/profile/riot/breakfast%23lucky/overview
298,https://tracker.gg/valorant/profile/riot/Bare%236669/overview
299,https://tracker.gg/valorant/profile/riot/Tit%C3%AD%20me%20pregunt%C3%B3%23zzz/overview
300,https://tracker.gg/valorant/profile/riot/k1ng1sa%230006/overview
301,https://tracker.gg/valorant/profile/riot/sosho%23lvl78/overview
302,https://tracker.gg/valorant/profile/riot/SUPR%20gio02x%23LIVE/overview
303,https://tracker.gg/valorant/profile/riot/Silho%23drk/overview
304,https://tracker.gg/valorant/profile/riot/ego1st%23hygge/overview
305,https://tracker.gg/valorant/profile/riot/Kaizen%233cm/overview
306,https://tracker.gg/valorant/profile/riot/Pipeeh%23777/overview
307,https://tracker.gg/valorant/profile/riot/VTX%20bl3nd%23licha/overview
308,https://tracker.gg/valorant/profile/riot/sh0twell%23focus/overview
309,https://tracker.gg/valorant/profile/riot/firxs%2315yo/overview
310,https://tracker.gg/valorant/profile/riot/RPD%230001/overview
311,https://tracker.gg/valorant/profile/riot/daddy%23Sofia/overview
312,https://tracker.gg/valorant/profile/riot/VERZ%23VVS/overview
313,https://tracker.gg/valorant/profile/riot/night%20by%20night%2300000/overview
314,https://tracker.gg/valorant/profile/riot/Xuto%23xt1/overview
315,https://tracker.gg/valorant/profile/riot/Flashero%2318eu/overview
316,https://tracker.gg/valorant/profile/riot/LucasVade%23Vade/overview
317,https://tracker.gg/valorant/profile/riot/StbN%232012/overview
318,https://tracker.gg/valorant/profile/riot/Tamable%23BGDKS/overview
319,https://tracker.gg/valorant/profile/riot/jnz%23GiGi/overview
320,https://tracker.gg/valorant/profile/riot/RDY%20fabiziN%23llll/overview
321,https://tracker.gg/valorant/profile/riot/juli%23ooo/overview
322,https://tracker.gg/valorant/profile/riot/Gatafieraa%23miau/overview
323,https://tracker.gg/valorant/profile/riot/til%C3%ADnn%23666/overview
324,https://tracker.gg/valorant/profile/riot/Nash%23020/overview
325,https://tracker.gg/valorant/profile/riot/XS%20jvhz%23glhf/overview
326,https://tracker.gg/valorant/profile/riot/GS%20Vicras17%23darkk/overview
327,https://tracker.gg/valorant/profile/riot/RDY%20%C3%91efry%20%E3%83%85%230802/overview
328,https://tracker.gg/valorant/profile/riot/haitam%23zzz/overview
329,https://tracker.gg/valorant/profile/riot/haitam%23zzz/overview